{
    "type": "application",
    "source-directories": [
        "src"
    ],
    "elm-version": "0.19.1",
    "dependencies": {
        "direct": {
            "avh4/elm-color": "1.0.0",
            "elm/browser": "1.0.2",
            "elm/core": "1.0.5",
            "elm/html": "1.0.0",
            "elm/json": "1.1.3",
            "elm/svg": "1.0.1",
            "elm/url": "1.0.0",
            "elm-explorations/linear-algebra": "1.0.3",
            "elm-explorations/test": "2.1.0",
            "ianmackenzie/elm-geometry": "3.9.1",
            "ianmackenzie/elm-units": "2.9.0",
            "jorgengranseth/elm-string-format": "1.0.1",
            "lemol/ant-design-icons-elm-ui": "1.0.0",
            "mdgriffith/elm-ui": "1.1.8",
            "phollyer/elm-cursor": "1.1.1",
            "stephenreddek/elm-emoji": "1.0.0"
        },
        "indirect": {
            "elm/bytes": "1.0.8",
            "elm/random": "1.0.0",
            "elm/regex": "1.0.0",
            "elm/time": "1.0.0",
            "elm/virtual-dom": "1.0.3",
            "ianmackenzie/elm-1d-parameter": "1.0.1",
            "ianmackenzie/elm-float-extra": "1.1.0",
            "ianmackenzie/elm-interval": "2.0.0",
            "ianmackenzie/elm-triangular-mesh": "1.1.0",
            "ianmackenzie/elm-units-interval": "2.3.0",
            "lemol/ant-design-icons-elm": "2.0.0",
            "miniBill/elm-ui-with-context": "1.1.0"
        }
    },
    "test-dependencies": {
        "direct": {},
        "indirect": {}
    }
}
